siteID,freq_khz,amp_db,type,direction,distance_m
A03,2,-42.471355,signal,front,4
A03,4,-16.856325,signal,front,4
A03,8,-20.632612,signal,front,4
A03,12,-21.878437,signal,front,4
A03,2,-42.510384,signal,front,8
A03,4,-22.40588,signal,front,8
A03,8,-24.103395,signal,front,8
A03,12,-23.1569,signal,front,8
A03,2,-49.553982,signal,front,16
A03,4,-33.250572,signal,front,16
A03,8,-31.704397,signal,front,16
A03,12,-29.759077,signal,front,16
A03,2,NA,signal,front,32
A03,4,-39.651855,signal,front,32
A03,8,-38.8265,signal,front,32
A03,12,-43.669621,signal,front,32
A03,2,-35.747971,signal,back,4
A03,4,-23.130535,signal,back,4
A03,8,-13.979001,signal,back,4
A03,12,-27.742853,signal,back,4
A03,2,-40.006409,signal,back,8
A03,4,-25.064745,signal,back,8
A03,8,-24.946037,signal,back,8
A03,12,-31.871029,signal,back,8
A03,2,-42.50856,signal,back,16
A03,4,-39.928753,signal,back,16
A03,8,-37.360546,signal,back,16
A03,12,-39.102776,signal,back,16
A03,2,-48.174091,signal,back,32
A03,4,-45.023716,signal,back,32
A03,8,-45.525623,signal,back,32
A03,12,-51.389629,signal,back,32
A04,2,-31.317881,signal,front,4
A04,4,-18.036919,signal,front,4
A04,8,-11.556504,signal,front,4
A04,12,-20.708279,signal,front,4
A04,2,-36.547016,signal,front,8
A04,4,-22.579967,signal,front,8
A04,8,-20.271872,signal,front,8
A04,12,-22.280678,signal,front,8
A04,2,-40.796986,signal,front,16
A04,4,-28.715748,signal,front,16
A04,8,-26.912369,signal,front,16
A04,12,-35.376251,signal,front,16
A04,2,-48.516811,signal,front,32
A04,4,-37.313099,signal,front,32
A04,8,-32.12355,signal,front,32
A04,12,-39.086605,signal,front,32
A04,2,-32.079468,signal,back,4
A04,4,-29.915739,signal,back,4
A04,8,-27.531746,signal,back,4
A04,12,-24.180201,signal,back,4
A04,2,-37.353535,signal,back,8
A04,4,-35.906868,signal,back,8
A04,8,-36.076363,signal,back,8
A04,12,-33.717072,signal,back,8
A04,2,-46.538898,signal,back,16
A04,4,-45.792542,signal,back,16
A04,8,-44.21809,signal,back,16
A04,12,-42.566185,signal,back,16
A04,2,-60.768387,signal,back,32
A04,4,-55.836456,signal,back,32
A04,8,-47.680943,signal,back,32
A04,12,-50.692493,signal,back,32
A06,2,-17.690479,signal,front,4
A06,4,-10.264394,signal,front,4
A06,8,-10.449689,signal,front,4
A06,12,-5.86991,signal,front,4
A06,2,-21.448311,signal,front,8
A06,4,-14.239491,signal,front,8
A06,8,-7.945716,signal,front,8
A06,12,-23.132162,signal,front,8
A06,2,-29.19335,signal,front,16
A06,4,-18.744986,signal,front,16
A06,8,-15.700754,signal,front,16
A06,12,-27.879467,signal,front,16
A06,2,-37.664707,signal,front,32
A06,4,-25.936943,signal,front,32
A06,8,-16.809523,signal,front,32
A06,12,-35.908768,signal,front,32
A06,2,-27.934057,signal,back,4
A06,4,-18.539778,signal,back,4
A06,8,-7.856513,signal,back,4
A06,12,-21.097574,signal,back,4
A06,2,-33.470913,signal,back,8
A06,4,-22.330849,signal,back,8
A06,8,-11.461928,signal,back,8
A06,12,-23.03421,signal,back,8
A06,2,-37.563381,signal,back,16
A06,4,-29.615173,signal,back,16
A06,8,-32.772423,signal,back,16
A06,12,-42.825306,signal,back,16
A06,2,-46.145252,signal,back,32
A06,4,-41.367054,signal,back,32
A06,8,-37.083244,signal,back,32
A06,12,-50.33083,signal,back,32
A13,2,-26.876822,signal,front,4
A13,4,-20.371925,signal,front,4
A13,8,-24.30286,signal,front,4
A13,12,-12.079282,signal,front,4
A13,2,-27.086807,signal,front,8
A13,4,-21.16271,signal,front,8
A13,8,-22.271692,signal,front,8
A13,12,-41.877789,signal,front,8
A13,2,-29.101051,signal,front,16
A13,4,-30.572502,signal,front,16
A13,8,-18.559826,signal,front,16
A13,12,-38.543308,signal,front,16
A13,2,-38.924854,signal,front,32
A13,4,-38.423206,signal,front,32
A13,8,-33.384205,signal,front,32
A13,12,-39.503773,signal,front,32
A13,2,-32.030457,signal,back,4
A13,4,-26.304651,signal,back,4
A13,8,-20.58045,signal,back,4
A13,12,-19.740828,signal,back,4
A13,2,-46.020794,signal,back,8
A13,4,-42.070072,signal,back,8
A13,8,-19.331001,signal,back,8
A13,12,-35.975151,signal,back,8
A13,2,-58.624107,signal,back,16
A13,4,-32.905289,signal,back,16
A13,8,-38.121357,signal,back,16
A13,12,-39.804882,signal,back,16
A13,2,-53.607388,signal,back,32
A13,4,-37.676231,signal,back,32
A13,8,-41.659847,signal,back,32
A13,12,-53.894024,signal,back,32
A14,2,-27.41503,signal,front,4
A14,4,-19.790045,signal,front,4
A14,8,-15.445727,signal,front,4
A14,12,-10.947689,signal,front,4
A14,2,-28.964916,signal,front,8
A14,4,-27.650204,signal,front,8
A14,8,-23.117504,signal,front,8
A14,12,-19.068913,signal,front,8
A14,2,-35.979816,signal,front,16
A14,4,-32.729,signal,front,16
A14,8,-26.310144,signal,front,16
A14,12,-27.661734,signal,front,16
A14,2,-36.15625,signal,front,32
A14,4,-37.175426,signal,front,32
A14,8,-36.125439,signal,front,32
A14,12,-38.935692,signal,front,32
A14,2,-35.484314,signal,back,4
A14,4,-27.399593,signal,back,4
A14,8,-25.90991,signal,back,4
A14,12,-18.871759,signal,back,4
A14,2,-45.307354,signal,back,8
A14,4,-36.941128,signal,back,8
A14,8,-27.504959,signal,back,8
A14,12,-35.644844,signal,back,8
A14,2,-56.403976,signal,back,16
A14,4,-51.030014,signal,back,16
A14,8,-46.436325,signal,back,16
A14,12,-50.334068,signal,back,16
A14,2,-43.729565,signal,back,32
A14,4,-31.589666,signal,back,32
A14,8,-36.121475,signal,back,32
A14,12,-38.44136,signal,back,32
A18,2,-21.672476,signal,front,4
A18,4,-15.488741,signal,front,4
A18,8,-12.971667,signal,front,4
A18,12,-9.352807,signal,front,4
A18,2,-28.101282,signal,front,8
A18,4,-24.510647,signal,front,8
A18,8,-21.141193,signal,front,8
A18,12,-20.914988,signal,front,8
A18,2,-41.854881,signal,front,16
A18,4,-30.933542,signal,front,16
A18,8,-33.90226,signal,front,16
A18,12,-40.082497,signal,front,16
A18,2,-52.263008,signal,front,32
A18,4,-44.032108,signal,front,32
A18,8,-45.304245,signal,front,32
A18,12,-42.787979,signal,front,32
A18,2,-30.301418,signal,back,4
A18,4,-18.75774,signal,back,4
A18,8,-26.031048,signal,back,4
A18,12,-19.935917,signal,back,4
A18,2,-38.570606,signal,back,8
A18,4,-37.670559,signal,back,8
A18,8,-22.680668,signal,back,8
A18,12,-28.450769,signal,back,8
A18,2,-44.103355,signal,back,16
A18,4,-38.980152,signal,back,16
A18,8,-36.107254,signal,back,16
A18,12,-35.501293,signal,back,16
A18,2,-56.24316,signal,back,32
A18,4,-46.121342,signal,back,32
A18,8,-45.63839,signal,back,32
A18,12,-49.538372,signal,back,32
A23,2,-30.143272,signal,front,4
A23,4,-27.758602,signal,front,4
A23,8,-17.542343,signal,front,4
A23,12,-10.892879,signal,front,4
A23,2,-39.238419,signal,front,8
A23,4,-26.531282,signal,front,8
A23,8,-24.673393,signal,front,8
A23,12,-20.320068,signal,front,8
A23,2,-49.382301,signal,front,16
A23,4,-35.891861,signal,front,16
A23,8,-23.939796,signal,front,16
A23,12,-25.256701,signal,front,16
A23,2,-52.04504,signal,front,32
A23,4,-46.001724,signal,front,32
A23,8,-34.609528,signal,front,32
A23,12,-36.607059,signal,front,32
A23,2,-26.356289,signal,back,4
A23,4,-19.423021,signal,back,4
A23,8,-14.132881,signal,back,4
A23,12,-15.493047,signal,back,4
A23,2,-27.53108,signal,back,8
A23,4,-23.249529,signal,back,8
A23,8,-18.333561,signal,back,8
A23,12,-26.774393,signal,back,8
A23,2,-38.622841,signal,back,16
A23,4,-32.019241,signal,back,16
A23,8,-33.506794,signal,back,16
A23,12,-34.836552,signal,back,16
A23,2,-52.169552,signal,back,32
A23,4,-44.224102,signal,back,32
A23,8,-43.456482,signal,back,32
A23,12,-51.14352,signal,back,32
A26,2,-30.203831,signal,front,4
A26,4,-17.853096,signal,front,4
A26,8,-14.992574,signal,front,4
A26,12,-15.158947,signal,front,4
A26,2,-37.431915,signal,front,8
A26,4,-30.435879,signal,front,8
A26,8,-22.127375,signal,front,8
A26,12,-28.86412,signal,front,8
A26,2,-39.157616,signal,front,16
A26,4,-29.112661,signal,front,16
A26,8,-35.351913,signal,front,16
A26,12,-36.35062,signal,front,16
A26,2,-44.73394,signal,front,32
A26,4,-34.403328,signal,front,32
A26,8,-39.847992,signal,front,32
A26,12,-46.267063,signal,front,32
A26,2,-31.861399,signal,back,4
A26,4,-23.746264,signal,back,4
A26,8,-24.211998,signal,back,4
A26,12,-30.262142,signal,back,4
A26,2,-36.457783,signal,back,8
A26,4,-33.17802,signal,back,8
A26,8,-25.208487,signal,back,8
A26,12,-38.427776,signal,back,8
A26,2,-41.955482,signal,back,16
A26,4,-40.891666,signal,back,16
A26,8,-38.489471,signal,back,16
A26,12,-48.728714,signal,back,16
A26,2,-57.185017,signal,back,32
A26,4,-37.36792,signal,back,32
A26,8,-42.049431,signal,back,32
A26,12,-56.962624,signal,back,32
A37,2,-35.904518,signal,front,4
A37,4,-28.59602,signal,front,4
A37,8,-17.619257,signal,front,4
A37,12,-22.462814,signal,front,4
A37,2,-42.318134,signal,front,8
A37,4,-28.230736,signal,front,8
A37,8,-23.498604,signal,front,8
A37,12,-33.27393,signal,front,8
A37,2,-45.325222,signal,front,16
A37,4,-30.577482,signal,front,16
A37,8,-27.388876,signal,front,16
A37,12,-38.59692,signal,front,16
A37,2,-45.194008,signal,front,32
A37,4,-40.646652,signal,front,32
A37,8,-40.844624,signal,front,32
A37,12,-50.970516,signal,front,32
A37,2,-42.089661,signal,back,4
A37,4,-25.292105,signal,back,4
A37,8,-23.453852,signal,back,4
A37,12,-33.369255,signal,back,4
A37,2,-33.963768,signal,back,8
A37,4,-30.935497,signal,back,8
A37,8,-31.003006,signal,back,8
A37,12,-37.978939,signal,back,8
A37,2,-41.334114,signal,back,16
A37,4,-32.354851,signal,back,16
A37,8,-38.093166,signal,back,16
A37,12,-43.254707,signal,back,16
A37,2,-45.734268,signal,back,32
A37,4,-46.403004,signal,back,32
A37,8,-48.201149,signal,back,32
A37,12,-57.0998,signal,back,32
A41,2,-37.108982,signal,front,4
A41,4,-18.214628,signal,front,4
A41,8,-20.18218,signal,front,4
A41,12,-18.593885,signal,front,4
A41,2,-37.234928,signal,front,8
A41,4,-25.233988,signal,front,8
A41,8,-22.635233,signal,front,8
A41,12,-19.815321,signal,front,8
A41,2,-45.373894,signal,front,16
A41,4,-28.183723,signal,front,16
A41,8,-35.307709,signal,front,16
A41,12,-29.202892,signal,front,16
A41,2,-53.392048,signal,front,32
A41,4,-45.287277,signal,front,32
A41,8,-33.138237,signal,front,32
A41,12,-43.252254,signal,front,32
A41,2,-28.106499,signal,back,4
A41,4,-16.689983,signal,back,4
A41,8,-17.599667,signal,back,4
A41,12,-20.76161,signal,back,4
A41,2,-33.656071,signal,back,8
A41,4,-29.915037,signal,back,8
A41,8,-25.888954,signal,back,8
A41,12,-35.240597,signal,back,8
A41,2,-49.735577,signal,back,16
A41,4,-39.886097,signal,back,16
A41,8,-42.490532,signal,back,16
A41,12,-43.493237,signal,back,16
A41,2,-49.115055,signal,back,32
A41,4,-39.294292,signal,back,32
A41,8,-47.972256,signal,back,32
A41,12,-54.544216,signal,back,32
A43,2,NA,signal,front,4
A43,4,NA,signal,front,4
A43,8,NA,signal,front,4
A43,12,NA,signal,front,4
A43,2,NA,signal,front,8
A43,4,NA,signal,front,8
A43,8,NA,signal,front,8
A43,12,NA,signal,front,8
A43,2,NA,signal,front,16
A43,4,NA,signal,front,16
A43,8,NA,signal,front,16
A43,12,NA,signal,front,16
A43,2,NA,signal,front,32
A43,4,NA,signal,front,32
A43,8,NA,signal,front,32
A43,12,NA,signal,front,32
A43,2,-35.518475,signal,back,4
A43,4,-26.829273,signal,back,4
A43,8,-25.661264,signal,back,4
A43,12,-19.429243,signal,back,4
A43,2,-52.864452,signal,back,8
A43,4,-34.338398,signal,back,8
A43,8,-25.808611,signal,back,8
A43,12,-31.291185,signal,back,8
A43,2,-42.472645,signal,back,16
A43,4,-42.869328,signal,back,16
A43,8,-34.762932,signal,back,16
A43,12,-33.706089,signal,back,16
A43,2,-56.067768,signal,back,32
A43,4,-53.421864,signal,back,32
A43,8,-43.851486,signal,back,32
A43,12,-50.726112,signal,back,32
A45,2,-25.742851,signal,front,4
A45,4,-17.735838,signal,front,4
A45,8,-22.834448,signal,front,4
A45,12,-15.101902,signal,front,4
A45,2,-32.131233,signal,front,8
A45,4,-24.839249,signal,front,8
A45,8,-22.800571,signal,front,8
A45,12,-26.503744,signal,front,8
A45,2,-35.029312,signal,front,16
A45,4,-30.972404,signal,front,16
A45,8,-32.301342,signal,front,16
A45,12,-32.242733,signal,front,16
A45,2,-45.038712,signal,front,32
A45,4,-39.829044,signal,front,32
A45,8,-40.936188,signal,front,32
A45,12,-42.886993,signal,front,32
A45,2,-29.059164,signal,back,4
A45,4,-30.373947,signal,back,4
A45,8,-32.350204,signal,back,4
A45,12,-36.771061,signal,back,4
A45,2,-40.081074,signal,back,8
A45,4,-25.647818,signal,back,8
A45,8,-34.841148,signal,back,8
A45,12,-40.448845,signal,back,8
A45,2,-37.838081,signal,back,16
A45,4,-34.853619,signal,back,16
A45,8,-40.359001,signal,back,16
A45,12,-46.389595,signal,back,16
A45,2,-44.988213,signal,back,32
A45,4,-41.721947,signal,back,32
A45,8,-52.269993,signal,back,32
A45,12,-57.960629,signal,back,32
A46,2,-29.012812,signal,front,4
A46,4,-15.526608,signal,front,4
A46,8,-10.982286,signal,front,4
A46,12,-17.135778,signal,front,4
A46,2,-28.740137,signal,front,8
A46,4,-18.231262,signal,front,8
A46,8,-17.199179,signal,front,8
A46,12,-30.436604,signal,front,8
A46,2,-38.261162,signal,front,16
A46,4,-28.468651,signal,front,16
A46,8,-25.472866,signal,front,16
A46,12,-38.898178,signal,front,16
A46,2,-41.071327,signal,front,32
A46,4,-36.578533,signal,front,32
A46,8,-34.520367,signal,front,32
A46,12,-41.864521,signal,front,32
A46,2,-16.24308,signal,back,4
A46,4,-16.478558,signal,back,4
A46,8,-14.244385,signal,back,4
A46,12,-17.295202,signal,back,4
A46,2,-34.208012,signal,back,8
A46,4,-23.507698,signal,back,8
A46,8,-23.226391,signal,back,8
A46,12,-24.154802,signal,back,8
A46,2,-34.999481,signal,back,16
A46,4,-23.042717,signal,back,16
A46,8,-28.211489,signal,back,16
A46,12,-33.373631,signal,back,16
A46,2,-44.229462,signal,back,32
A46,4,-43.226002,signal,back,32
A46,8,-33.753441,signal,back,32
A46,12,-37.892586,signal,back,32
A48,2,-28.466223,signal,front,4
A48,4,-22.65596,signal,front,4
A48,8,-16.168152,signal,front,4
A48,12,-18.189573,signal,front,4
A48,2,-33.319046,signal,front,8
A48,4,-25.638718,signal,front,8
A48,8,-26.153036,signal,front,8
A48,12,-22.352066,signal,front,8
A48,2,-39.801346,signal,front,16
A48,4,-31.970461,signal,front,16
A48,8,-31.236822,signal,front,16
A48,12,-37.380573,signal,front,16
A48,2,-44.997776,signal,front,32
A48,4,-43.064613,signal,front,32
A48,8,-43.606644,signal,front,32
A48,12,-50.488506,signal,front,32
A48,2,-29.716499,signal,back,4
A48,4,-23.603964,signal,back,4
A48,8,-30.832867,signal,back,4
A48,12,-23.074757,signal,back,4
A48,2,-33.759247,signal,back,8
A48,4,-34.811314,signal,back,8
A48,8,-36.166901,signal,back,8
A48,12,-34.807888,signal,back,8
A48,2,-43.200756,signal,back,16
A48,4,-42.762909,signal,back,16
A48,8,-36.516201,signal,back,16
A48,12,-40.215023,signal,back,16
A48,2,-51.275284,signal,back,32
A48,4,-48.669037,signal,back,32
A48,8,-52.360924,signal,back,32
A48,12,-51.478985,signal,back,32
A49,2,-30.257885,signal,front,4
A49,4,-27.693041,signal,front,4
A49,8,-9.55891,signal,front,4
A49,12,-11.110668,signal,front,4
A49,2,-38.143055,signal,front,8
A49,4,-33.03735,signal,front,8
A49,8,-23.961523,signal,front,8
A49,12,-16.264809,signal,front,8
A49,2,-47.81147,signal,front,16
A49,4,-37.270126,signal,front,16
A49,8,-23.937548,signal,front,16
A49,12,-26.918791,signal,front,16
A49,2,-59.668667,signal,front,32
A49,4,-47.340912,signal,front,32
A49,8,-34.283253,signal,front,32
A49,12,-43.676388,signal,front,32
A49,2,-36.422981,signal,back,4
A49,4,-32.432106,signal,back,4
A49,8,-17.458549,signal,back,4
A49,12,-17.625305,signal,back,4
A49,2,-38.37989,signal,back,8
A49,4,-35.1861,signal,back,8
A49,8,-33.830448,signal,back,8
A49,12,-22.977388,signal,back,8
A49,2,-54.990231,signal,back,16
A49,4,-36.909931,signal,back,16
A49,8,-31.131632,signal,back,16
A49,12,-33.1255,signal,back,16
A49,2,-50.104557,signal,back,32
A49,4,-54.219521,signal,back,32
A49,8,-40.902939,signal,back,32
A49,12,-46.295578,signal,back,32
A50,2,-25.50284,signal,front,4
A50,4,-35.429958,signal,front,4
A50,8,-13.351845,signal,front,4
A50,12,-15.563838,signal,front,4
A50,2,-34.769077,signal,front,8
A50,4,-34.912312,signal,front,8
A50,8,-20.853012,signal,front,8
A50,12,-25.133535,signal,front,8
A50,2,-41.417027,signal,front,16
A50,4,-45.536499,signal,front,16
A50,8,-27.082499,signal,front,16
A50,12,-34.914505,signal,front,16
A50,2,-46.607872,signal,front,32
A50,4,-44.120934,signal,front,32
A50,8,-35.195282,signal,front,32
A50,12,-34.89629,signal,front,32
A50,2,-25.165165,signal,back,4
A50,4,-29.752876,signal,back,4
A50,8,-23.441271,signal,back,4
A50,12,-32.701412,signal,back,4
A50,2,-31.162859,signal,back,8
A50,4,-30.979666,signal,back,8
A50,8,-31.01964,signal,back,8
A50,12,-39.120632,signal,back,8
A50,2,-48.73357,signal,back,16
A50,4,-44.139687,signal,back,16
A50,8,-38.230587,signal,back,16
A50,12,-46.96825,signal,back,16
A50,2,-46.314789,signal,back,32
A50,4,-46.995319,signal,back,32
A50,8,-49.008999,signal,back,32
A50,12,-64.522675,signal,back,32
B06,2,-36.189285,signal,front,4
B06,4,-33.63549,signal,front,4
B06,8,-38.022232,signal,front,4
B06,12,-26.356182,signal,front,4
B06,2,-48.012402,signal,front,8
B06,4,-38.578148,signal,front,8
B06,8,-37.958374,signal,front,8
B06,12,-27.041683,signal,front,8
B06,2,-45.229992,signal,front,16
B06,4,-49.761528,signal,front,16
B06,8,-43.238693,signal,front,16
B06,12,-33.547581,signal,front,16
B06,2,-51.042614,signal,front,32
B06,4,-51.830173,signal,front,32
B06,8,-50.101227,signal,front,32
B06,12,-44.400673,signal,front,32
B06,2,-42.563049,signal,back,4
B06,4,-33.82217,signal,back,4
B06,8,-26.587343,signal,back,4
B06,12,-27.284088,signal,back,4
B06,2,-39.751091,signal,back,8
B06,4,-39.434898,signal,back,8
B06,8,-33.815292,signal,back,8
B06,12,-33.75108,signal,back,8
B06,2,-51.103481,signal,back,16
B06,4,-43.195984,signal,back,16
B06,8,-43.397171,signal,back,16
B06,12,-45.843662,signal,back,16
B06,2,NA,signal,back,32
B06,4,-54.28941,signal,back,32
B06,8,-55.164742,signal,back,32
B06,12,-53.182346,signal,back,32
B07,2,-35.705936,signal,front,4
B07,4,-37.636337,signal,front,4
B07,8,-31.25976,signal,front,4
B07,12,-23.748484,signal,front,4
B07,2,-41.875828,signal,front,8
B07,4,-40.709755,signal,front,8
B07,8,-32.844524,signal,front,8
B07,12,-22.377855,signal,front,8
B07,2,-48.478497,signal,front,16
B07,4,-44.848728,signal,front,16
B07,8,-42.492836,signal,front,16
B07,12,-31.12504,signal,front,16
B07,2,-56.550743,signal,front,32
B07,4,-58.535686,signal,front,32
B07,8,-46.60046,signal,front,32
B07,12,-42.84565,signal,front,32
B07,2,-30.71645,signal,back,4
B07,4,-35.914265,signal,back,4
B07,8,-31.186863,signal,back,4
B07,12,-37.239494,signal,back,4
B07,2,-42.448303,signal,back,8
B07,4,-40.973003,signal,back,8
B07,8,-37.084568,signal,back,8
B07,12,-38.312565,signal,back,8
B07,2,-46.082233,signal,back,16
B07,4,-57.16309,signal,back,16
B07,8,-52.988892,signal,back,16
B07,12,-48.413723,signal,back,16
B07,2,-45.838951,signal,back,32
B07,4,-59.250526,signal,back,32
B07,8,-50.566193,signal,back,32
B07,12,-52.074848,signal,back,32
B11,2,-38.083893,signal,front,4
B11,4,-26.371553,signal,front,4
B11,8,-26.488354,signal,front,4
B11,12,-11.12976,signal,front,4
B11,2,-38.766884,signal,front,8
B11,4,-28.053596,signal,front,8
B11,8,-32.888165,signal,front,8
B11,12,-22.319723,signal,front,8
B11,2,-43.244217,signal,front,16
B11,4,-39.145287,signal,front,16
B11,8,-35.784756,signal,front,16
B11,12,-26.134243,signal,front,16
B11,2,-58.000893,signal,front,32
B11,4,-44.819416,signal,front,32
B11,8,-43.464153,signal,front,32
B11,12,-38.214924,signal,front,32
B11,2,-36.800392,signal,back,4
B11,4,-37.069675,signal,back,4
B11,8,-29.985813,signal,back,4
B11,12,-22.06011,signal,back,4
B11,2,-47.117516,signal,back,8
B11,4,-44.123287,signal,back,8
B11,8,-35.722538,signal,back,8
B11,12,-34.293621,signal,back,8
B11,2,-49.462109,signal,back,16
B11,4,-48.531792,signal,back,16
B11,8,-54.358528,signal,back,16
B11,12,-45.712757,signal,back,16
B11,2,NA,signal,back,32
B11,4,-63.492199,signal,back,32
B11,8,-60.171066,signal,back,32
B11,12,-54.750099,signal,back,32
B20,2,-35.399803,signal,front,4
B20,4,-13.985582,signal,front,4
B20,8,-9.335999,signal,front,4
B20,12,-2.09925,signal,front,4
B20,2,-37.435215,signal,front,8
B20,4,-19.198982,signal,front,8
B20,8,-14.445615,signal,front,8
B20,12,-17.523872,signal,front,8
B20,2,-51.55452,signal,front,16
B20,4,-25.678358,signal,front,16
B20,8,-19.006586,signal,front,16
B20,12,-20.366728,signal,front,16
B20,2,-53.679787,signal,front,32
B20,4,-42.704063,signal,front,32
B20,8,-38.16898,signal,front,32
B20,12,-37.127323,signal,front,32
B20,2,-33.913795,signal,back,4
B20,4,-26.687975,signal,back,4
B20,8,-12.254622,signal,back,4
B20,12,-10.779736,signal,back,4
B20,2,-47.885674,signal,back,8
B20,4,-34.017563,signal,back,8
B20,8,-21.172146,signal,back,8
B20,12,-21.549444,signal,back,8
B20,2,-47.477066,signal,back,16
B20,4,-35.712952,signal,back,16
B20,8,-23.780436,signal,back,16
B20,12,-34.145844,signal,back,16
B20,2,-53.164055,signal,back,32
B20,4,-52.560841,signal,back,32
B20,8,-35.351349,signal,back,32
B20,12,-39.820042,signal,back,32
B21,2,-15.808708,signal,front,4
B21,4,-9.801373,signal,front,4
B21,8,-3.197367,signal,front,4
B21,12,-5.344829,signal,front,4
B21,2,-19.160862,signal,front,8
B21,4,-21.339237,signal,front,8
B21,8,-13.626569,signal,front,8
B21,12,-9.824828,signal,front,8
B21,2,-23.438309,signal,front,16
B21,4,-22.134869,signal,front,16
B21,8,-16.158356,signal,front,16
B21,12,-17.54166,signal,front,16
B21,2,-35.14727,signal,front,32
B21,4,-24.637444,signal,front,32
B21,8,-24.874273,signal,front,32
B21,12,-28.937565,signal,front,32
B21,2,-25.900429,signal,back,4
B21,4,-17.153744,signal,back,4
B21,8,-15.803246,signal,back,4
B21,12,-21.860481,signal,back,4
B21,2,-31.130369,signal,back,8
B21,4,-32.474316,signal,back,8
B21,8,-25.759256,signal,back,8
B21,12,-21.124464,signal,back,8
B21,2,-38.301945,signal,back,16
B21,4,-33.777046,signal,back,16
B21,8,-30.820906,signal,back,16
B21,12,-32.524651,signal,back,16
B21,2,-55.166428,signal,back,32
B21,4,-41.231003,signal,back,32
B21,8,-42.601551,signal,back,32
B21,12,-42.937759,signal,back,32
B22,2,-19.289152,signal,front,4
B22,4,-27.615112,signal,front,4
B22,8,-31.709871,signal,front,4
B22,12,-32.086605,signal,front,4
B22,2,-27.190535,signal,front,8
B22,4,-38.234589,signal,front,8
B22,8,-32.31152,signal,front,8
B22,12,-42.383759,signal,front,8
B22,2,-32.351597,signal,front,16
B22,4,-42.128391,signal,front,16
B22,8,-41.579357,signal,front,16
B22,12,-42.100445,signal,front,16
B22,2,-45.411449,signal,front,32
B22,4,-47.503826,signal,front,32
B22,8,-47.733448,signal,front,32
B22,12,-50.694447,signal,front,32
B22,2,-34.734589,signal,back,4
B22,4,-36.673683,signal,back,4
B22,8,-34.230343,signal,back,4
B22,12,-34.882175,signal,back,4
B22,2,-40.930645,signal,back,8
B22,4,-37.764721,signal,back,8
B22,8,-33.756836,signal,back,8
B22,12,-38.742424,signal,back,8
B22,2,-45.465839,signal,back,16
B22,4,-44.136257,signal,back,16
B22,8,-50.826756,signal,back,16
B22,12,-50.508266,signal,back,16
B22,2,-53.348663,signal,back,32
B22,4,-53.542488,signal,back,32
B22,8,-54.483204,signal,back,32
B22,12,-63.629581,signal,back,32
B23,2,-33.942436,signal,front,4
B23,4,-34.011448,signal,front,4
B23,8,-23.358194,signal,front,4
B23,12,-20.239347,signal,front,4
B23,2,-42.251354,signal,front,8
B23,4,-35.985958,signal,front,8
B23,8,-36.820362,signal,front,8
B23,12,-34.451237,signal,front,8
B23,2,NA,signal,front,16
B23,4,NA,signal,front,16
B23,8,NA,signal,front,16
B23,12,NA,signal,front,16
B23,2,NA,signal,front,32
B23,4,NA,signal,front,32
B23,8,NA,signal,front,32
B23,12,NA,signal,front,32
B23,2,-47.824734,signal,back,4
B23,4,-57.515751,signal,back,4
B23,8,-39.929035,signal,back,4
B23,12,-29.681559,signal,back,4
B23,2,-51.449524,signal,back,8
B23,4,-53.590866,signal,back,8
B23,8,-47.237373,signal,back,8
B23,12,-38.376568,signal,back,8
B23,2,-66.264183,signal,back,16
B23,4,-55.949188,signal,back,16
B23,8,-56.212055,signal,back,16
B23,12,-45.122623,signal,back,16
B23,2,-69.134964,signal,back,32
B23,4,-62.408405,signal,back,32
B23,8,-57.242245,signal,back,32
B23,12,-50.498466,signal,back,32
B24,2,-30.643066,signal,front,4
B24,4,-42.8218,signal,front,4
B24,8,-22.528221,signal,front,4
B24,12,-24.982304,signal,front,4
B24,2,-42.288094,signal,front,8
B24,4,-36.535,signal,front,8
B24,8,-26.280127,signal,front,8
B24,12,-24.092516,signal,front,8
B24,2,-47.761162,signal,front,16
B24,4,-41.810303,signal,front,16
B24,8,-38.986801,signal,front,16
B24,12,-29.377884,signal,front,16
B24,2,-58.002495,signal,front,32
B24,4,-49.194859,signal,front,32
B24,8,-56.392052,signal,front,32
B24,12,-39.78117,signal,front,32
B24,2,-40.206234,signal,back,4
B24,4,-31.279837,signal,back,4
B24,8,-32.469406,signal,back,4
B24,12,-26.9646,signal,back,4
B24,2,-38.338428,signal,back,8
B24,4,-38.55896,signal,back,8
B24,8,-32.340904,signal,back,8
B24,12,-34.33947,signal,back,8
B24,2,-44.370934,signal,back,16
B24,4,-49.018898,signal,back,16
B24,8,-39.978561,signal,back,16
B24,12,-42.468964,signal,back,16
B24,2,-46.066257,signal,back,32
B24,4,-48.989132,signal,back,32
B24,8,-48.651695,signal,back,32
B24,12,-45.117085,signal,back,32
B31,2,-28.926847,signal,front,4
B31,4,-19.771503,signal,front,4
B31,8,-11.367895,signal,front,4
B31,12,-7.26004,signal,front,4
B31,2,-32.410404,signal,front,8
B31,4,-24.385017,signal,front,8
B31,8,-20.906942,signal,front,8
B31,12,-24.159899,signal,front,8
B31,2,-35.990635,signal,front,16
B31,4,-38.106258,signal,front,16
B31,8,-28.485512,signal,front,16
B31,12,-30.054319,signal,front,16
B31,2,-42.631077,signal,front,32
B31,4,-39.289818,signal,front,32
B31,8,-37.84898,signal,front,32
B31,12,-34.638374,signal,front,32
B31,2,-32.297695,signal,back,4
B31,4,-23.817482,signal,back,4
B31,8,-28.609558,signal,back,4
B31,12,-18.441412,signal,back,4
B31,2,-32.848858,signal,back,8
B31,4,-24.921801,signal,back,8
B31,8,-24.668676,signal,back,8
B31,12,-21.525705,signal,back,8
B31,2,-42.24287,signal,back,16
B31,4,-42.627781,signal,back,16
B31,8,-32.397652,signal,back,16
B31,12,-31.148619,signal,back,16
B31,2,NA,signal,back,32
B31,4,NA,signal,back,32
B31,8,NA,signal,back,32
B31,12,NA,signal,back,32
B34,2,-31.489523,signal,front,4
B34,4,-22.19828,signal,front,4
B34,8,-2.535411,signal,front,4
B34,12,-8.001167,signal,front,4
B34,2,-35.398544,signal,front,8
B34,4,-31.821728,signal,front,8
B34,8,-8.218479,signal,front,8
B34,12,-15.567325,signal,front,8
B34,2,-39.286617,signal,front,16
B34,4,-32.474205,signal,front,16
B34,8,-13.126073,signal,front,16
B34,12,-23.131002,signal,front,16
B34,2,-44.309738,signal,front,32
B34,4,-41.91684,signal,front,32
B34,8,-21.649464,signal,front,32
B34,12,-32.488853,signal,front,32
B34,2,-27.373747,signal,back,4
B34,4,-18.215696,signal,back,4
B34,8,-15.709447,signal,back,4
B34,12,-34.960484,signal,back,4
B34,2,-37.241123,signal,back,8
B34,4,-23.390173,signal,back,8
B34,8,-25.549536,signal,back,8
B34,12,-34.695889,signal,back,8
B34,2,-47.522762,signal,back,16
B34,4,-35.767311,signal,back,16
B34,8,-29.003736,signal,back,16
B34,12,-45.605747,signal,back,16
B34,2,-64.183517,signal,back,32
B34,4,-38.220066,signal,back,32
B34,8,-44.29166,signal,back,32
B34,12,-54.24229,signal,back,32
B35,2,-31.404303,signal,front,4
B35,4,-32.139629,signal,front,4
B35,8,-32.867622,signal,front,4
B35,12,-24.541182,signal,front,4
B35,2,-35.75732,signal,front,8
B35,4,-36.14547,signal,front,8
B35,8,-42.144371,signal,front,8
B35,12,-26.338087,signal,front,8
B35,2,-46.238899,signal,front,16
B35,4,-42.851288,signal,front,16
B35,8,-42.738785,signal,front,16
B35,12,-39.316128,signal,front,16
B35,2,-50.284454,signal,front,32
B35,4,-53.054691,signal,front,32
B35,8,-48.808186,signal,front,32
B35,12,-56.038525,signal,front,32
B35,2,-45.625534,signal,back,4
B35,4,-35.410637,signal,back,4
B35,8,-37.821896,signal,back,4
B35,12,-25.270021,signal,back,4
B35,2,-46.483173,signal,back,8
B35,4,-43.047459,signal,back,8
B35,8,-41.00312,signal,back,8
B35,12,-33.703255,signal,back,8
B35,2,-51.992798,signal,back,16
B35,4,-48.582619,signal,back,16
B35,8,-44.466534,signal,back,16
B35,12,-42.775169,signal,back,16
B35,2,-57.642387,signal,back,32
B35,4,-56.086323,signal,back,32
B35,8,-54.425495,signal,back,32
B35,12,-47.868919,signal,back,32
B36,2,-28.750072,signal,front,4
B36,4,-28.816002,signal,front,4
B36,8,-31.812336,signal,front,4
B36,12,-25.117418,signal,front,4
B36,2,-34.638107,signal,front,8
B36,4,-36.448238,signal,front,8
B36,8,-41.110664,signal,front,8
B36,12,-32.913956,signal,front,8
B36,2,-43.526508,signal,front,16
B36,4,-43.806911,signal,front,16
B36,8,-45.118896,signal,front,16
B36,12,-43.14473,signal,front,16
B36,2,-51.333824,signal,front,32
B36,4,-63.970119,signal,front,32
B36,8,-54.932682,signal,front,32
B36,12,-64.244255,signal,front,32
B36,2,-52.372299,signal,back,4
B36,4,-30.018044,signal,back,4
B36,8,-37.838444,signal,back,4
B36,12,-22.801809,signal,back,4
B36,2,-53.890556,signal,back,8
B36,4,-39.198524,signal,back,8
B36,8,-43.6945,signal,back,8
B36,12,-35.964863,signal,back,8
B36,2,-56.751442,signal,back,16
B36,4,-47.625618,signal,back,16
B36,8,-53.215599,signal,back,16
B36,12,-50.465199,signal,back,16
B36,2,-62.802113,signal,back,32
B36,4,-52.327694,signal,back,32
B36,8,-62.267376,signal,back,32
B36,12,-54.421906,signal,back,32
B37,2,-24.35848,signal,front,4
B37,4,-14.689875,signal,front,4
B37,8,-16.073677,signal,front,4
B37,12,-11.509542,signal,front,4
B37,2,-32.795918,signal,front,8
B37,4,-23.685223,signal,front,8
B37,8,-18.801052,signal,front,8
B37,12,-24.985554,signal,front,8
B37,2,-33.805862,signal,front,16
B37,4,-34.116653,signal,front,16
B37,8,-33.20607,signal,front,16
B37,12,-30.959988,signal,front,16
B37,2,-42.214375,signal,front,32
B37,4,-36.914921,signal,front,32
B37,8,-38.389389,signal,front,32
B37,12,-40.337097,signal,front,32
B37,2,-29.022791,signal,back,4
B37,4,-39.65514,signal,back,4
B37,8,-19.00008,signal,back,4
B37,12,-21.167528,signal,back,4
B37,2,-41.413689,signal,back,8
B37,4,-37.020844,signal,back,8
B37,8,-32.080837,signal,back,8
B37,12,-36.95821,signal,back,8
B37,2,-42.83268,signal,back,16
B37,4,-38.964989,signal,back,16
B37,8,-47.959122,signal,back,16
B37,12,-44.924065,signal,back,16
B37,2,-63.405231,signal,back,32
B37,4,-63.845947,signal,back,32
B37,8,-64.637932,signal,back,32
B37,12,-68.014267,signal,back,32
B39,2,-29.791765,signal,front,4
B39,4,-33.906914,signal,front,4
B39,8,-6.210699,signal,front,4
B39,12,-21.256535,signal,front,4
B39,2,-26.307917,signal,front,8
B39,4,-35.047878,signal,front,8
B39,8,-9.571807,signal,front,8
B39,12,-29.312407,signal,front,8
B39,2,-34.785297,signal,front,16
B39,4,-33.356205,signal,front,16
B39,8,-19.641312,signal,front,16
B39,12,-31.389833,signal,front,16
B39,2,-32.849857,signal,front,32
B39,4,-40.994064,signal,front,32
B39,8,-30.185253,signal,front,32
B39,12,-44.370438,signal,front,32
B39,2,-22.091717,signal,back,4
B39,4,-24.030426,signal,back,4
B39,8,-20.240368,signal,back,4
B39,12,-23.592659,signal,back,4
B39,2,-23.195951,signal,back,8
B39,4,-38.484329,signal,back,8
B39,8,-22.857306,signal,back,8
B39,12,-26.033354,signal,back,8
B39,2,-37.874321,signal,back,16
B39,4,-34.170486,signal,back,16
B39,8,-25.580374,signal,back,16
B39,12,-42.606197,signal,back,16
B39,2,-37.019451,signal,back,32
B39,4,-46.767784,signal,back,32
B39,8,-44.883671,signal,back,32
B39,12,-45.877987,signal,back,32
B41,2,-44.702415,signal,front,4
B41,4,-28.176514,signal,front,4
B41,8,-31.449642,signal,front,4
B41,12,-18.775558,signal,front,4
B41,2,-50.827976,signal,front,8
B41,4,-40.712479,signal,front,8
B41,8,-32.911289,signal,front,8
B41,12,-29.051535,signal,front,8
B41,2,-57.338905,signal,front,16
B41,4,-50.866394,signal,front,16
B41,8,-40.841263,signal,front,16
B41,12,-32.635147,signal,front,16
B41,2,-58.858948,signal,front,32
B41,4,-48.716553,signal,front,32
B41,8,-52.314972,signal,front,32
B41,12,-42.665386,signal,front,32
B41,2,-43.395138,signal,back,4
B41,4,-32.986065,signal,back,4
B41,8,-31.329388,signal,back,4
B41,12,-20.40867,signal,back,4
B41,2,-45.426689,signal,back,8
B41,4,-41.597061,signal,back,8
B41,8,-41.883736,signal,back,8
B41,12,-31.899542,signal,back,8
B41,2,-51.29604,signal,back,16
B41,4,-44.894863,signal,back,16
B41,8,-42.546104,signal,back,16
B41,12,-39.457409,signal,back,16
B41,2,-59.796719,signal,back,32
B41,4,-64.119339,signal,back,32
B41,8,-57.81588,signal,back,32
B41,12,-52.660233,signal,back,32
B44,2,-26.057154,signal,front,4
B44,4,-13.722072,signal,front,4
B44,8,-7.405632,signal,front,4
B44,12,-16.959585,signal,front,4
B44,2,-27.856457,signal,front,8
B44,4,-15.084865,signal,front,8
B44,8,-14.739466,signal,front,8
B44,12,-18.632032,signal,front,8
B44,2,-38.361874,signal,front,16
B44,4,-18.39204,signal,front,16
B44,8,-23.275726,signal,front,16
B44,12,-24.443626,signal,front,16
B44,2,-44.467552,signal,front,32
B44,4,-34.121811,signal,front,32
B44,8,-27.318815,signal,front,32
B44,12,-34.03915,signal,front,32
B44,2,-32.719574,signal,back,4
B44,4,-36.581898,signal,back,4
B44,8,-33.063126,signal,back,4
B44,12,-29.383724,signal,back,4
B44,2,-58.962723,signal,back,8
B44,4,-46.974014,signal,back,8
B44,8,-33.476498,signal,back,8
B44,12,-32.153191,signal,back,8
B44,2,-46.901501,signal,back,16
B44,4,-49.131756,signal,back,16
B44,8,-35.668098,signal,back,16
B44,12,-46.160606,signal,back,16
B44,2,-56.112968,signal,back,32
B44,4,-47.496517,signal,back,32
B44,8,-39.829571,signal,back,32
B44,12,-56.80497,signal,back,32
B46,2,-30.655325,signal,front,4
B46,4,-34.571339,signal,front,4
B46,8,-23.531672,signal,front,4
B46,12,-10.203172,signal,front,4
B46,2,-28.716993,signal,front,8
B46,4,-33.28495,signal,front,8
B46,8,-20.339672,signal,front,8
B46,12,-28.041742,signal,front,8
B46,2,-29.964212,signal,front,16
B46,4,-32.731712,signal,front,16
B46,8,-26.306812,signal,front,16
B46,12,-31.803801,signal,front,16
B46,2,-35.702179,signal,front,32
B46,4,-39.829945,signal,front,32
B46,8,-33.811741,signal,front,32
B46,12,-46.104141,signal,front,32
B46,2,-30.094831,signal,back,4
B46,4,-28.225895,signal,back,4
B46,8,-22.016573,signal,back,4
B46,12,-21.698711,signal,back,4
B46,2,-34.815777,signal,back,8
B46,4,-33.822865,signal,back,8
B46,8,-25.69289,signal,back,8
B46,12,-28.313604,signal,back,8
B46,2,-46.007427,signal,back,16
B46,4,-34.946491,signal,back,16
B46,8,-36.226837,signal,back,16
B46,12,-41.42189,signal,back,16
B46,2,-46.777546,signal,back,32
B46,4,-42.610264,signal,back,32
B46,8,-47.319569,signal,back,32
B46,12,-50.197144,signal,back,32
A49_20230525_080600,2,-74.80246,ambient,NA,NA
A49_20230525_080600,4,-68.863777,ambient,NA,NA
A49_20230525_080600,8,-72.627396,ambient,NA,NA
A49_20230525_080600,12,-71.789917,ambient,NA,NA
B20_20230523_040600,2,-74.442574,ambient,NA,NA
B20_20230523_040600,4,-72.252884,ambient,NA,NA
B20_20230523_040600,8,-71.441574,ambient,NA,NA
B20_20230523_040600,12,-75.470886,ambient,NA,NA
B24_20230524_080600,2,-55.61433,ambient,NA,NA
B24_20230524_080600,4,-67.153709,ambient,NA,NA
B24_20230524_080600,8,-78.966591,ambient,NA,NA
B24_20230524_080600,12,-75.759003,ambient,NA,NA
B34_20230525_070600,2,-78.657509,ambient,NA,NA
B34_20230525_070600,4,-75.248695,ambient,NA,NA
B34_20230525_070600,8,-77.804291,ambient,NA,NA
B34_20230525_070600,12,-79.195122,ambient,NA,NA
B37_20230525_090600,2,-53.887505,ambient,NA,NA
B37_20230525_090600,4,-73.907211,ambient,NA,NA
B37_20230525_090600,8,-78.08847,ambient,NA,NA
B37_20230525_090600,12,-74.67675,ambient,NA,NA
